AQcs8Pu7,/register 0ri92h4ni@qiott.com 0ri92h4ni@qiott.com,/code 733215,0212
_rNVVg,/register i6lho4kcyem@bheps.com i6lho4kcyem@bheps.com,/code 632580,0212
aqyez1ZaN6dM8h,/register gwhlqrqty4o@kzccv.com gwhlqrqty4o@kzccv.com,/code 111398,0212
kgb1234,/register 2v4opm9b@kzccv.com 2v4opm9b@kzccv.com,/code 984499,0212
lvduE,/register 0dq4n0@bheps.com 0dq4n0@bheps.com
,/register u0p44pzcptam@bheps.com u0p44pzcptam@bheps.com
,/code 504365,0212
uX1JkSYxd9DXK,/register 0s1jm0r47@dcctb.com 0s1jm0r47@dcctb.com,/code 408581,0212
GfWXNEsxChVTFM,/register 1dg7dnztss@bheps.com 1dg7dnztss@bheps.com,/code 901986,0212
GfWXNEsxChVTFM,/register 1dg7dnztss@bheps.com 1dg7dnztss@bheps.com,/code 901986,0212,/code 430538
,/code 967371,0212
